uid,updated_at,used,house
PR-55025,2025-06-22,false,unknown
PR-41726,2025-06-22,false,unknown
PR-59151,2025-06-22,false,unknown
PR-37400,2025-06-22,false,unknown
PR-81637,2025-06-22,false,unknown
PR-64977,2025-06-22,false,unknown
PR-29056,2025-06-22,false,unknown
PR-15075,2025-06-22,false,unknown
PR-96567,2025-06-22,false,unknown
PR-10005,2025-06-22,false,unknown
PR-38165,2025-06-22,false,unknown
PR-89714,2025-06-22,false,unknown
PR-22612,2025-06-22,false,unknown
PR-59906,2025-06-22,false,unknown
PR-63004,2025-06-22,false,unknown
PR-61007,2025-06-22,false,unknown
PR-68787,2025-06-22,false,unknown
PR-34067,2025-06-22,false,unknown
PR-30577,2025-06-22,false,unknown
PR-98876,2025-06-22,false,unknown
PR-40257,2025-06-22,false,unknown
PR-88736,2025-06-22,false,unknown
PR-90821,2025-06-22,false,unknown
PR-52752,2025-06-22,false,unknown
PR-43477,2025-06-22,false,unknown
PR-22252,2025-06-22,false,unknown
PR-59684,2025-06-22,false,unknown
PR-23922,2025-06-22,false,unknown
PR-36485,2025-06-22,false,unknown
PR-72961,2025-06-22,false,unknown
PR-56552,2025-06-22,false,unknown
PR-73581,2025-06-22,false,unknown
PR-80354,2025-06-22,false,unknown
PR-24447,2025-06-22,false,unknown
PR-24466,2025-06-22,false,unknown
PR-90695,2025-06-22,false,unknown
PR-87178,2025-06-22,false,unknown
PR-80970,2025-06-22,false,unknown
PR-28879,2025-06-22,false,unknown
PR-44842,2025-06-22,false,unknown
PR-24960,2025-06-22,false,unknown
PR-28859,2025-06-22,false,unknown
PR-45730,2025-06-22,false,unknown
PR-24586,2025-06-22,false,unknown
PR-36511,2025-06-22,false,unknown
PR-56250,2025-06-22,false,unknown
PR-85988,2025-06-22,false,unknown
PR-10579,2025-06-22,false,unknown
PR-74242,2025-06-22,false,unknown
PR-53302,2025-06-22,false,unknown
PR-59041,2025-06-22,false,unknown
PR-83832,2025-06-22,false,unknown
PR-34600,2025-06-22,false,unknown
PR-99689,2025-06-22,false,unknown
PR-68656,2025-06-22,false,unknown
PR-15434,2025-06-22,false,unknown
PR-31247,2025-06-22,false,unknown
PR-88163,2025-06-22,false,unknown
PR-48912,2025-06-22,false,unknown
PR-65637,2025-06-22,false,unknown
PR-31577,2025-06-22,false,unknown
PR-22659,2025-06-22,false,unknown
PR-16970,2025-06-22,false,unknown
PR-89034,2025-06-22,false,unknown
PR-98203,2025-06-22,false,unknown
PR-48297,2025-06-22,false,unknown
PR-44419,2025-06-22,false,unknown
PR-51150,2025-06-22,false,unknown
PR-14860,2025-06-22,false,unknown
PR-25119,2025-06-22,false,unknown
PR-16943,2025-06-22,false,unknown
PR-20828,2025-06-22,false,unknown
PR-56984,2025-06-22,false,unknown
PR-50826,2025-06-22,false,unknown
PR-96355,2025-06-22,false,unknown
PR-86518,2025-06-22,false,unknown
PR-76734,2025-06-22,false,unknown
PR-21537,2025-06-22,false,unknown
PR-36112,2025-06-22,false,unknown
PR-95920,2025-06-22,false,unknown
PR-20562,2025-06-22,false,unknown
PR-11824,2025-06-22,false,unknown
PR-27974,2025-06-22,false,unknown
PR-12416,2025-06-22,false,unknown
PR-18287,2025-06-22,false,unknown
PR-27645,2025-06-22,false,unknown
PR-38367,2025-06-22,false,unknown
PR-17977,2025-06-22,false,unknown
PR-44135,2025-06-22,false,unknown
PR-72947,2025-06-22,false,unknown
PR-93699,2025-06-22,false,unknown
PR-17824,2025-06-22,false,unknown
PR-95239,2025-06-22,false,unknown
PR-66981,2025-06-22,false,unknown
PR-10683,2025-06-22,false,unknown
PR-64068,2025-06-22,false,unknown
PR-10360,2025-06-22,false,unknown
PR-39306,2025-06-22,false,unknown
PR-45764,2025-06-22,false,unknown
PR-48838,2025-06-22,false,unknown
PR-45557,2025-06-22,false,unknown
PR-93765,2025-06-22,false,unknown
PR-40175,2025-06-22,false,unknown
PR-70997,2025-06-22,false,unknown
PR-53155,2025-06-22,false,unknown
PR-19906,2025-06-22,false,unknown
PR-22778,2025-06-22,false,unknown
PR-49187,2025-06-22,false,unknown
PR-84893,2025-06-22,false,unknown
PR-78685,2025-06-22,false,unknown
PR-93487,2025-06-22,false,unknown
PR-40780,2025-06-22,false,unknown
PR-35840,2025-06-22,false,unknown
PR-56420,2025-06-22,false,unknown
PR-51865,2025-06-22,false,unknown
PR-50936,2025-06-22,false,unknown
PR-90378,2025-06-22,false,unknown
PR-98229,2025-06-22,false,unknown
PR-62249,2025-06-22,false,unknown
PR-55654,2025-06-22,false,unknown
PR-20335,2025-06-22,false,unknown
PR-12644,2025-06-22,false,unknown
PR-87053,2025-06-22,false,unknown
PR-94531,2025-06-22,false,unknown
PR-87885,2025-06-22,false,unknown
PR-48927,2025-06-22,false,unknown
PR-65039,2025-06-22,false,unknown
PR-66990,2025-06-22,false,unknown
PR-56253,2025-06-22,false,unknown
PR-24126,2025-06-22,false,unknown
PR-57978,2025-06-22,false,unknown
PR-12995,2025-06-22,false,unknown
PR-97109,2025-06-22,false,unknown
PR-14910,2025-06-22,false,unknown
PR-70406,2025-06-22,false,unknown
PR-36789,2025-06-22,false,unknown
PR-99925,2025-06-22,false,unknown
PR-22430,2025-06-22,false,unknown
PR-94504,2025-06-22,false,unknown
PR-61775,2025-06-22,false,unknown
PR-95410,2025-06-22,false,unknown
PR-53820,2025-06-22,false,unknown
PR-73716,2025-06-22,false,unknown
PR-38388,2025-06-22,false,unknown
PR-98318,2025-06-22,false,unknown
PR-30297,2025-06-22,false,unknown
PR-36041,2025-06-22,false,unknown
PR-40391,2025-06-22,false,unknown
PR-83857,2025-06-22,false,unknown
PR-13702,2025-06-22,false,unknown
PR-76717,2025-06-22,false,unknown
PR-60607,2025-06-22,false,unknown
PR-62906,2025-06-22,false,unknown
PR-83228,2025-06-22,false,unknown
PR-66324,2025-06-22,false,unknown
PR-52398,2025-06-22,false,unknown
PR-10468,2025-06-22,false,unknown
PR-27180,2025-06-22,false,unknown
PR-48410,2025-06-22,false,unknown
PR-71308,2025-06-22,false,unknown
PR-36393,2025-06-22,false,unknown
PR-18404,2025-06-22,false,unknown
PR-34693,2025-06-22,false,unknown
PR-43050,2025-06-22,false,unknown
PR-75868,2025-06-22,false,unknown
PR-83826,2025-06-22,false,unknown
PR-41704,2025-06-22,false,unknown
PR-33094,2025-06-22,false,unknown
PR-55727,2025-06-22,false,unknown
PR-73588,2025-06-22,false,unknown
PR-43465,2025-06-22,false,unknown
PR-84557,2025-06-22,false,unknown
PR-22498,2025-06-22,false,unknown
PR-44203,2025-06-22,false,unknown
PR-68891,2025-06-22,false,unknown
PR-75109,2025-06-22,false,unknown
PR-83575,2025-06-22,false,unknown
PR-18655,2025-06-22,false,unknown
PR-53882,2025-06-22,false,unknown
PR-25209,2025-06-22,false,unknown
PR-74746,2025-06-22,false,unknown
PR-98402,2025-06-22,false,unknown
PR-17431,2025-06-22,false,unknown
PR-93286,2025-06-22,false,unknown
PR-96062,2025-06-22,false,unknown
PR-15085,2025-06-22,false,unknown
PR-53283,2025-06-22,false,unknown
PR-17597,2025-06-22,false,unknown
PR-19594,2025-06-22,false,unknown
PR-21362,2025-06-22,false,unknown
PR-10830,2025-06-22,false,unknown
PR-96959,2025-06-22,false,unknown
PR-54541,2025-06-22,false,unknown
PR-65345,2025-06-22,false,unknown
PR-33476,2025-06-22,false,unknown
PR-98380,2025-06-22,false,unknown
PR-84382,2025-06-22,false,unknown
PR-17027,2025-06-22,false,unknown
PR-34880,2025-06-22,false,unknown
PR-34587,2025-06-22,false,unknown
PR-57477,2025-06-22,false,unknown
PR-79458,2025-06-22,false,unknown
PR-88889,2025-06-22,false,unknown
PR-58047,2025-06-22,false,unknown
PR-10804,2025-06-22,false,unknown
PR-21413,2025-06-22,false,unknown
PR-65816,2025-06-22,false,unknown
PR-77831,2025-06-22,false,unknown
PR-46638,2025-06-22,false,unknown
PR-44653,2025-06-22,false,unknown
PR-53523,2025-06-22,false,unknown
PR-49983,2025-06-22,false,unknown
PR-29247,2025-06-22,false,unknown
PR-62238,2025-06-22,false,unknown
PR-13363,2025-06-22,false,unknown
PR-23549,2025-06-22,false,unknown
PR-18810,2025-06-22,false,unknown
PR-66968,2025-06-22,false,unknown
PR-83065,2025-06-22,false,unknown
PR-66841,2025-06-22,false,unknown
PR-36992,2025-06-22,false,unknown
PR-52422,2025-06-22,false,unknown
PR-56969,2025-06-22,false,unknown
PR-34849,2025-06-22,false,unknown
PR-43169,2025-06-22,false,unknown
PR-45609,2025-06-22,false,unknown
PR-94301,2025-06-22,false,unknown
PR-80425,2025-06-22,false,unknown
PR-42469,2025-06-22,false,unknown
PR-49457,2025-06-22,false,unknown
PR-37405,2025-06-22,false,unknown
PR-13068,2025-06-22,false,unknown
PR-75677,2025-06-22,false,unknown
PR-18891,2025-06-22,false,unknown
PR-50347,2025-06-22,false,unknown
PR-64398,2025-06-22,false,unknown
PR-42641,2025-06-22,false,unknown
PR-79843,2025-06-22,false,unknown
PR-25679,2025-06-22,false,unknown
PR-33375,2025-06-22,false,unknown
PR-97724,2025-06-22,false,unknown
PR-11926,2025-06-22,false,unknown
PR-55007,2025-06-22,false,unknown
PR-89132,2025-06-22,false,unknown
PR-91043,2025-06-22,false,unknown
PR-84258,2025-06-22,false,unknown
PR-58811,2025-06-22,false,unknown
PR-36576,2025-06-22,false,unknown
PR-64103,2025-06-22,false,unknown
PR-55712,2025-06-22,false,unknown
PR-53718,2025-06-22,false,unknown
PR-49721,2025-06-22,false,unknown
PR-94785,2025-06-22,false,unknown
PR-87164,2025-06-22,false,unknown
PR-55706,2025-06-22,false,unknown
PR-54150,2025-06-22,false,unknown
PR-76947,2025-06-22,false,unknown
PR-86984,2025-06-22,false,unknown
PR-55289,2025-06-22,false,unknown
PR-10779,2025-06-22,false,unknown
PR-90102,2025-06-22,false,unknown
PR-79632,2025-06-22,false,unknown
PR-21835,2025-06-22,false,unknown
PR-91234,2025-06-22,false,unknown
PR-85811,2025-06-22,false,unknown
PR-80427,2025-06-22,false,unknown
PR-28557,2025-06-22,false,unknown
PR-88260,2025-06-22,false,unknown
PR-42807,2025-06-22,false,unknown
PR-62657,2025-06-22,false,unknown
PR-24846,2025-06-22,false,unknown
PR-50370,2025-06-22,false,unknown
PR-77174,2025-06-22,false,unknown
PR-52907,2025-06-22,false,unknown
PR-53450,2025-06-22,false,unknown
PR-63095,2025-06-22,false,unknown
PR-98957,2025-06-22,false,unknown
PR-11306,2025-06-22,false,unknown
PR-63574,2025-06-22,false,unknown
PR-73459,2025-06-22,false,unknown
PR-11360,2025-06-22,false,unknown
PR-78714,2025-06-22,false,unknown
PR-77261,2025-06-22,false,unknown
PR-59576,2025-06-22,false,unknown
PR-61284,2025-06-22,false,unknown
PR-60354,2025-06-22,false,unknown
PR-83061,2025-06-22,false,unknown
PR-90897,2025-06-22,false,unknown
PR-47658,2025-06-22,false,unknown
PR-20475,2025-06-22,false,unknown
PR-39829,2025-06-22,false,unknown
PR-85066,2025-06-22,false,unknown
PR-86749,2025-06-22,false,unknown
PR-49086,2025-06-22,false,unknown
PR-46660,2025-06-22,false,unknown
PR-97524,2025-06-22,false,unknown
PR-49659,2025-06-22,false,unknown
PR-59780,2025-06-22,false,unknown
PR-81366,2025-06-22,false,unknown
PR-40807,2025-06-22,false,unknown
PR-46934,2025-06-22,false,unknown
PR-99060,2025-06-22,false,unknown
PR-65134,2025-06-22,false,unknown
PR-61571,2025-06-22,false,unknown
PR-67022,2025-06-22,false,unknown
PR-96578,2025-06-22,false,unknown
PR-95800,2025-06-22,false,unknown
PR-16624,2025-06-22,false,unknown
PR-50902,2025-06-22,false,unknown
PR-21449,2025-06-22,false,unknown
PR-68309,2025-06-22,false,unknown
PR-46089,2025-06-22,false,unknown
PR-12948,2025-06-22,false,unknown
PR-21731,2025-06-22,false,unknown
PR-57565,2025-06-22,false,unknown
PR-42158,2025-06-22,false,unknown
PR-12137,2025-06-22,false,unknown
PR-34287,2025-06-22,false,unknown
PR-67818,2025-06-22,false,unknown
PR-55187,2025-06-22,false,unknown
EK-95602,2025-06-22,false,unknown
EK-78021,2025-06-22,false,unknown
EK-14735,2025-06-22,false,unknown
EK-73685,2025-06-22,false,unknown
EK-94647,2025-06-22,false,unknown
EK-76310,2025-06-22,false,unknown
EK-99621,2025-06-22,false,unknown
EK-33625,2025-06-22,false,unknown
EK-38554,2025-06-22,false,unknown
EK-19217,2025-06-22,false,unknown
EK-17091,2025-06-22,false,unknown
EK-92583,2025-06-22,false,unknown
EK-98450,2025-06-22,false,unknown
EK-15383,2025-06-22,false,unknown
EK-85923,2025-06-22,false,unknown
EK-89056,2025-06-22,false,unknown
EK-80605,2025-06-22,false,unknown
EK-12962,2025-06-22,false,unknown
EK-81379,2025-06-22,false,unknown
EK-10914,2025-06-22,false,unknown
EK-53603,2025-06-22,false,unknown
EK-19533,2025-06-22,false,unknown
EK-90075,2025-06-22,false,unknown
EK-36464,2025-06-22,false,unknown
EK-11345,2025-06-22,false,unknown
EK-36569,2025-06-22,false,unknown
EK-23867,2025-06-22,false,unknown
EK-77910,2025-06-22,false,unknown
EK-23558,2025-06-22,false,unknown
EK-25048,2025-06-22,false,unknown
EK-29512,2025-06-22,false,unknown
EK-73605,2025-06-22,false,unknown
EK-59869,2025-06-22,false,unknown
EK-65574,2025-06-22,false,unknown
EK-99908,2025-06-22,false,unknown
EK-37717,2025-06-22,false,unknown
EK-68652,2025-06-22,false,unknown
EK-18648,2025-06-22,false,unknown
EK-23780,2025-06-22,false,unknown
EK-44888,2025-06-22,false,unknown
EK-11199,2025-06-22,false,unknown
EK-82138,2025-06-22,false,unknown
EK-99470,2025-06-22,false,unknown
EK-34355,2025-06-22,false,unknown
EK-58304,2025-06-22,false,unknown
EK-96436,2025-06-22,false,unknown
EK-34067,2025-06-22,false,unknown
EK-83188,2025-06-22,false,unknown
EK-16330,2025-06-22,false,unknown
EK-11917,2025-06-22,false,unknown
EK-70754,2025-06-22,false,unknown
EK-21034,2025-06-22,false,unknown
EK-45323,2025-06-22,false,unknown
EK-46990,2025-06-22,false,unknown
EK-89764,2025-06-22,false,unknown
EK-93890,2025-06-22,false,unknown
EK-67634,2025-06-22,false,unknown
EK-52815,2025-06-22,false,unknown
EK-46076,2025-06-22,false,unknown
EK-61933,2025-06-22,false,unknown
EK-45998,2025-06-22,false,unknown
EK-16655,2025-06-22,false,unknown
EK-73885,2025-06-22,false,unknown
EK-25473,2025-06-22,false,unknown
EK-77667,2025-06-22,false,unknown
EK-47673,2025-06-22,false,unknown
EK-74168,2025-06-22,false,unknown
EK-16454,2025-06-22,false,unknown
EK-17089,2025-06-22,false,unknown
EK-89373,2025-06-22,false,unknown
EK-81913,2025-06-22,false,unknown
EK-82167,2025-06-22,false,unknown
EK-80974,2025-06-22,false,unknown
EK-76442,2025-06-22,false,unknown
EK-27346,2025-06-22,false,unknown
EK-44061,2025-06-22,false,unknown
EK-37293,2025-06-22,false,unknown
EK-52576,2025-06-22,false,unknown
EK-68104,2025-06-22,false,unknown
EK-10274,2025-06-22,false,unknown
EK-63907,2025-06-22,false,unknown
EK-87223,2025-06-22,false,unknown
EK-81797,2025-06-22,false,unknown
EK-47556,2025-06-22,false,unknown
EK-30189,2025-06-22,false,unknown
EK-73655,2025-06-22,false,unknown
EK-82096,2025-06-22,false,unknown
EK-13810,2025-06-22,false,unknown
EK-37404,2025-06-22,false,unknown
EK-65065,2025-06-22,false,unknown
EK-36420,2025-06-22,false,unknown
EK-60621,2025-06-22,false,unknown
EK-88184,2025-06-22,false,unknown
EK-63820,2025-06-22,false,unknown
EK-53821,2025-06-22,false,unknown
EK-43507,2025-06-22,false,unknown
EK-83261,2025-06-22,false,unknown
EK-84983,2025-06-22,false,unknown
EK-63562,2025-06-22,false,unknown
EK-81690,2025-06-22,false,unknown
EK-22940,2025-06-22,false,unknown
EK-64394,2025-06-22,false,unknown
EK-17741,2025-06-22,false,unknown
EK-58508,2025-06-22,false,unknown
EK-14241,2025-06-22,false,unknown
EK-62185,2025-06-22,false,unknown
EK-84140,2025-06-22,false,unknown
EK-62826,2025-06-22,false,unknown
EK-12339,2025-06-22,false,unknown
EK-86713,2025-06-22,false,unknown
EK-67385,2025-06-22,false,unknown
EK-57616,2025-06-22,false,unknown
EK-71938,2025-06-22,false,unknown
EK-56940,2025-06-22,false,unknown
EK-50126,2025-06-22,false,unknown
EK-94856,2025-06-22,false,unknown
EK-49413,2025-06-22,false,unknown
EK-53717,2025-06-22,false,unknown
EK-96875,2025-06-22,false,unknown
EK-38431,2025-06-22,false,unknown
EK-49530,2025-06-22,false,unknown
EK-80807,2025-06-22,false,unknown
EK-10192,2025-06-22,false,unknown
EK-12720,2025-06-22,false,unknown
EK-76040,2025-06-22,false,unknown
EK-89507,2025-06-22,false,unknown
EK-84870,2025-06-22,false,unknown
EK-28726,2025-06-22,false,unknown
EK-67167,2025-06-22,false,unknown
EK-71877,2025-06-22,false,unknown
EK-25090,2025-06-22,false,unknown
EK-22455,2025-06-22,false,unknown
EK-53935,2025-06-22,false,unknown
EK-40427,2025-06-22,false,unknown
EK-30525,2025-06-22,false,unknown
EK-89583,2025-06-22,false,unknown
EK-47211,2025-06-22,false,unknown
EK-94749,2025-06-22,false,unknown
EK-91144,2025-06-22,false,unknown
EK-48803,2025-06-22,false,unknown
EK-39303,2025-06-22,false,unknown
EK-18961,2025-06-22,false,unknown
EK-98257,2025-06-22,false,unknown
EK-82739,2025-06-22,false,unknown
EK-99456,2025-06-22,false,unknown
EK-85112,2025-06-22,false,unknown
EK-20346,2025-06-22,false,unknown
EK-80996,2025-06-22,false,unknown
EK-19321,2025-06-22,false,unknown
EK-51861,2025-06-22,false,unknown
EK-20927,2025-06-22,false,unknown
EK-74238,2025-06-22,false,unknown
EK-39266,2025-06-22,false,unknown
EK-13266,2025-06-22,false,unknown
EK-78904,2025-06-22,false,unknown
EK-63154,2025-06-22,false,unknown
EK-56622,2025-06-22,false,unknown
EK-70682,2025-06-22,false,unknown
EK-43184,2025-06-22,false,unknown
EK-26753,2025-06-22,false,unknown
EK-66959,2025-06-22,false,unknown
EK-63605,2025-06-22,false,unknown
EK-75088,2025-06-22,false,unknown
EK-17602,2025-06-22,false,unknown
EK-50656,2025-06-22,false,unknown
EK-71132,2025-06-22,false,unknown
EK-40940,2025-06-22,false,unknown
EK-91379,2025-06-22,false,unknown
EK-98735,2025-06-22,false,unknown
EK-46102,2025-06-22,false,unknown
EK-36437,2025-06-22,false,unknown
EK-30192,2025-06-22,false,unknown
EK-53073,2025-06-22,false,unknown
EK-31512,2025-06-22,false,unknown
EK-74240,2025-06-22,false,unknown
EK-42480,2025-06-22,false,unknown
EK-68538,2025-06-22,false,unknown
EK-32816,2025-06-22,false,unknown
EK-84274,2025-06-22,false,unknown
EK-18966,2025-06-22,false,unknown
EK-57079,2025-06-22,false,unknown
EK-66047,2025-06-22,false,unknown
EK-30708,2025-06-22,false,unknown
EK-47569,2025-06-22,false,unknown
EK-21333,2025-06-22,false,unknown
EK-32553,2025-06-22,false,unknown
EK-24401,2025-06-22,false,unknown
EK-23869,2025-06-22,false,unknown
EK-63630,2025-06-22,false,unknown
EK-43997,2025-06-22,false,unknown
EK-60643,2025-06-22,false,unknown
EK-21472,2025-06-22,false,unknown
EK-43585,2025-06-22,false,unknown
EK-30177,2025-06-22,false,unknown
EK-85042,2025-06-22,false,unknown
EK-19562,2025-06-22,false,unknown
EK-28183,2025-06-22,false,unknown
EK-21570,2025-06-22,false,unknown
EK-99156,2025-06-22,false,unknown
EK-48436,2025-06-22,false,unknown
EK-90439,2025-06-22,false,unknown
EK-39840,2025-06-22,false,unknown
EK-62095,2025-06-22,false,unknown
EK-18935,2025-06-22,false,unknown
EK-30931,2025-06-22,false,unknown
EK-47301,2025-06-22,false,unknown
EK-59738,2025-06-22,false,unknown
EK-15546,2025-06-22,false,unknown
EK-92335,2025-06-22,false,unknown
EK-10853,2025-06-22,false,unknown
EK-18562,2025-06-22,false,unknown
EK-22474,2025-06-22,false,unknown
EK-44549,2025-06-22,false,unknown
EK-75596,2025-06-22,false,unknown
EK-82656,2025-06-22,false,unknown
EK-98958,2025-06-22,false,unknown
EK-73564,2025-06-22,false,unknown
EK-66335,2025-06-22,false,unknown
EK-32227,2025-06-22,false,unknown
EK-94876,2025-06-22,false,unknown
EK-27919,2025-06-22,false,unknown
EK-43101,2025-06-22,false,unknown
EK-95080,2025-06-22,false,unknown
EK-60444,2025-06-22,false,unknown
EK-58601,2025-06-22,false,unknown
EK-15486,2025-06-22,false,unknown
EK-38690,2025-06-22,false,unknown
EK-18496,2025-06-22,false,unknown
EK-33720,2025-06-22,false,unknown
EK-24227,2025-06-22,false,unknown
EK-94581,2025-06-22,false,unknown
EK-53781,2025-06-22,false,unknown
EK-70772,2025-06-22,false,unknown
EK-20553,2025-06-22,false,unknown
EK-31640,2025-06-22,false,unknown
EK-28088,2025-06-22,false,unknown
EK-21641,2025-06-22,false,unknown
EK-91754,2025-06-22,false,unknown
EK-92881,2025-06-22,false,unknown
EK-14466,2025-06-22,false,unknown
EK-21364,2025-06-22,false,unknown
EK-35497,2025-06-22,false,unknown
EK-41174,2025-06-22,false,unknown
EK-62309,2025-06-22,false,unknown
EK-70747,2025-06-22,false,unknown
EK-94216,2025-06-22,false,unknown
EK-32524,2025-06-22,false,unknown
EK-94065,2025-06-22,false,unknown
EK-84037,2025-06-22,false,unknown
EK-60731,2025-06-22,false,unknown
EK-38212,2025-06-22,false,unknown
EK-72736,2025-06-22,false,unknown
EK-83668,2025-06-22,false,unknown
EK-73622,2025-06-22,false,unknown
EK-84712,2025-06-22,false,unknown
EK-64514,2025-06-22,false,unknown
EK-52602,2025-06-22,false,unknown
EK-10637,2025-06-22,false,unknown
EK-95732,2025-06-22,false,unknown
EK-58092,2025-06-22,false,unknown
EK-87587,2025-06-22,false,unknown
EK-28526,2025-06-22,false,unknown
EK-60988,2025-06-22,false,unknown
EK-60432,2025-06-22,false,unknown
EK-86766,2025-06-22,false,unknown
EK-94879,2025-06-22,false,unknown
EK-81274,2025-06-22,false,unknown
EK-70068,2025-06-22,false,unknown
EK-39349,2025-06-22,false,unknown
EK-21066,2025-06-22,false,unknown
EK-10472,2025-06-22,false,unknown
EK-42093,2025-06-22,false,unknown
EK-58008,2025-06-22,false,unknown
EK-29466,2025-06-22,false,unknown
EK-93661,2025-06-22,false,unknown
EK-97936,2025-06-22,false,unknown
EK-95397,2025-06-22,false,unknown
EK-22062,2025-06-22,false,unknown
EK-10387,2025-06-22,false,unknown
EK-22122,2025-06-22,false,unknown
EK-70794,2025-06-22,false,unknown
EK-40167,2025-06-22,false,unknown
EK-56406,2025-06-22,false,unknown
EK-94372,2025-06-22,false,unknown
EK-24433,2025-06-22,false,unknown
EK-25933,2025-06-22,false,unknown
EK-76028,2025-06-22,false,unknown
EK-22036,2025-06-22,false,unknown
EK-11827,2025-06-22,false,unknown
EK-50177,2025-06-22,false,unknown
EK-98576,2025-06-22,false,unknown
EK-28499,2025-06-22,false,unknown
EK-24518,2025-06-22,false,unknown
EK-28076,2025-06-22,false,unknown
EK-69221,2025-06-22,false,unknown
EK-11882,2025-06-22,false,unknown
EK-67130,2025-06-22,false,unknown
EK-58779,2025-06-22,false,unknown
EK-90997,2025-06-22,false,unknown
EK-35290,2025-06-22,false,unknown
EK-59956,2025-06-22,false,unknown
EK-77432,2025-06-22,false,unknown
EK-76008,2025-06-22,false,unknown
EK-40747,2025-06-22,false,unknown
EK-15057,2025-06-22,false,unknown
EK-42558,2025-06-22,false,unknown
EK-55250,2025-06-22,false,unknown
EK-13250,2025-06-22,false,unknown
EK-74710,2025-06-22,false,unknown
EK-10462,2025-06-22,false,unknown
EK-64144,2025-06-22,false,unknown
EK-63740,2025-06-22,false,unknown
EK-70940,2025-06-22,false,unknown
EK-52539,2025-06-22,false,unknown
EK-69490,2025-06-22,false,unknown
EK-41104,2025-06-22,false,unknown
EK-99115,2025-06-22,false,unknown
EK-11617,2025-06-22,false,unknown
EK-48891,2025-06-22,false,unknown
EK-40060,2025-06-22,false,unknown
SH-98956,2025-06-22,false,unknown
SH-17120,2025-06-22,false,unknown
SH-27362,2025-06-22,false,unknown
SH-83507,2025-06-22,false,unknown
SH-68886,2025-06-22,false,unknown
SH-42594,2025-06-22,false,unknown
SH-70632,2025-06-22,false,unknown
SH-18105,2025-06-22,false,unknown
SH-29903,2025-06-22,false,unknown
SH-90259,2025-06-22,false,unknown
SH-99208,2025-06-22,false,unknown
SH-19730,2025-06-22,false,unknown
SH-63626,2025-06-22,false,unknown
SH-64554,2025-06-22,false,unknown
SH-35283,2025-06-22,false,unknown
SH-10856,2025-06-22,false,unknown
SH-18997,2025-06-22,false,unknown
SH-16714,2025-06-22,false,unknown
SH-56133,2025-06-22,false,unknown
SH-71697,2025-06-22,false,unknown
SH-78192,2025-06-22,false,unknown
SH-33800,2025-06-22,false,unknown
SH-66175,2025-06-22,false,unknown
SH-57795,2025-06-22,false,unknown
SH-70325,2025-06-22,false,unknown
SH-79099,2025-06-22,false,unknown
SH-74449,2025-06-22,false,unknown
SH-50275,2025-06-22,false,unknown
SH-91379,2025-06-22,false,unknown
SH-21975,2025-06-22,false,unknown
SH-67892,2025-06-22,false,unknown
SH-24939,2025-06-22,false,unknown
SH-81735,2025-06-22,false,unknown
SH-23234,2025-06-22,false,unknown
SH-48369,2025-06-22,false,unknown
SH-87026,2025-06-22,false,unknown
SH-58991,2025-06-22,false,unknown
SH-58325,2025-06-22,false,unknown
SH-90608,2025-06-22,false,unknown
SH-60418,2025-06-22,false,unknown
SH-27682,2025-06-22,false,unknown
SH-62461,2025-06-22,false,unknown
SH-61180,2025-06-22,false,unknown
SH-41922,2025-06-22,false,unknown
SH-26401,2025-06-22,false,unknown
SH-40046,2025-06-22,false,unknown
SH-48564,2025-06-22,false,unknown
SH-72941,2025-06-22,false,unknown
SH-64347,2025-06-22,false,unknown
SH-97898,2025-06-22,false,unknown
SH-98596,2025-06-22,false,unknown
SH-60984,2025-06-22,false,unknown
SH-75953,2025-06-22,false,unknown
SH-75583,2025-06-22,false,unknown
SH-75270,2025-06-22,false,unknown
SH-91036,2025-06-22,false,unknown
SH-56058,2025-06-22,false,unknown
SH-14493,2025-06-22,false,unknown
SH-67558,2025-06-22,false,unknown
SH-59402,2025-06-22,false,unknown
SH-65118,2025-06-22,false,unknown
SH-45559,2025-06-22,false,unknown
SH-76250,2025-06-22,false,unknown
SH-88810,2025-06-22,false,unknown
SH-44245,2025-06-22,false,unknown
SH-50301,2025-06-22,false,unknown
SH-62116,2025-06-22,false,unknown
SH-50784,2025-06-22,false,unknown
SH-77341,2025-06-22,false,unknown
SH-38442,2025-06-22,false,unknown
SH-75197,2025-06-22,false,unknown
SH-15471,2025-06-22,false,unknown
SH-30623,2025-06-22,false,unknown
SH-75595,2025-06-22,false,unknown
SH-92206,2025-06-22,false,unknown
SH-22615,2025-06-22,false,unknown
SH-59145,2025-06-22,false,unknown
SH-57818,2025-06-22,false,unknown
SH-31830,2025-06-22,false,unknown
SH-12234,2025-06-22,false,unknown
SH-57769,2025-06-22,false,unknown
SH-89897,2025-06-22,false,unknown
SH-20932,2025-06-22,false,unknown
SH-16189,2025-06-22,false,unknown
SH-79347,2025-06-22,false,unknown
SH-42426,2025-06-22,false,unknown
SH-78639,2025-06-22,false,unknown
SH-92346,2025-06-22,false,unknown
SH-58384,2025-06-22,false,unknown
SH-17041,2025-06-22,false,unknown
SH-53440,2025-06-22,false,unknown
SH-76260,2025-06-22,false,unknown
SH-89103,2025-06-22,false,unknown
SH-78395,2025-06-22,false,unknown
SH-79139,2025-06-22,false,unknown
SH-49571,2025-06-22,false,unknown
SH-76828,2025-06-22,false,unknown
SH-62353,2025-06-22,false,unknown
SH-61119,2025-06-22,false,unknown
SH-82419,2025-06-22,false,unknown
SH-75902,2025-06-22,false,unknown
SH-37421,2025-06-22,false,unknown
SH-42067,2025-06-22,false,unknown
SH-70684,2025-06-22,false,unknown
SH-45606,2025-06-22,false,unknown
SH-93756,2025-06-22,false,unknown
SH-92021,2025-06-22,false,unknown
SH-36005,2025-06-22,false,unknown
SH-68889,2025-06-22,false,unknown
SH-16800,2025-06-22,false,unknown
SH-12576,2025-06-22,false,unknown
SH-49355,2025-06-22,false,unknown
SH-86672,2025-06-22,false,unknown
SH-13078,2025-06-22,false,unknown
SH-82463,2025-06-22,false,unknown
SH-45106,2025-06-22,false,unknown
SH-88513,2025-06-22,false,unknown
SH-57947,2025-06-22,false,unknown
SH-53964,2025-06-22,false,unknown
SH-82117,2025-06-22,false,unknown
SH-18355,2025-06-22,false,unknown
SH-53043,2025-06-22,false,unknown
SH-68591,2025-06-22,false,unknown
SH-27122,2025-06-22,false,unknown
SH-27365,2025-06-22,false,unknown
SH-90506,2025-06-22,false,unknown
SH-29360,2025-06-22,false,unknown
SH-67085,2025-06-22,false,unknown
SH-49740,2025-06-22,false,unknown
SH-77624,2025-06-22,false,unknown
SH-96103,2025-06-22,false,unknown
SH-91224,2025-06-22,false,unknown
SH-79197,2025-06-22,false,unknown
SH-38902,2025-06-22,false,unknown
SH-53660,2025-06-22,false,unknown
SH-34711,2025-06-22,false,unknown
SH-75973,2025-06-22,false,unknown
SH-72729,2025-06-22,false,unknown
SH-58895,2025-06-22,false,unknown
SH-44049,2025-06-22,false,unknown
SH-14950,2025-06-22,false,unknown
SH-25908,2025-06-22,false,unknown
SH-72358,2025-06-22,false,unknown
SH-77664,2025-06-22,false,unknown
SH-57119,2025-06-22,false,unknown
SH-98229,2025-06-22,false,unknown
SH-30067,2025-06-22,false,unknown
SH-30432,2025-06-22,false,unknown
SH-13627,2025-06-22,false,unknown
SH-58492,2025-06-22,false,unknown
SH-83396,2025-06-22,false,unknown
SH-46767,2025-06-22,false,unknown
SH-31662,2025-06-22,false,unknown
SH-53333,2025-06-22,false,unknown
SH-27396,2025-06-22,false,unknown
SH-42859,2025-06-22,false,unknown
SH-13021,2025-06-22,false,unknown
SH-52039,2025-06-22,false,unknown
SH-46810,2025-06-22,false,unknown
SH-57829,2025-06-22,false,unknown
SH-72669,2025-06-22,false,unknown
SH-36387,2025-06-22,false,unknown
SH-92333,2025-06-22,false,unknown
SH-40521,2025-06-22,false,unknown
SH-69389,2025-06-22,false,unknown
SH-63998,2025-06-22,false,unknown
SH-97195,2025-06-22,false,unknown
SH-53448,2025-06-22,false,unknown
SH-16850,2025-06-22,false,unknown
SH-19403,2025-06-22,false,unknown
SH-99035,2025-06-22,false,unknown
SH-92683,2025-06-22,false,unknown
SH-28638,2025-06-22,false,unknown
SH-46751,2025-06-22,false,unknown
SH-16490,2025-06-22,false,unknown
SH-51864,2025-06-22,false,unknown
SH-20526,2025-06-22,false,unknown
SH-94444,2025-06-22,false,unknown
SH-99078,2025-06-22,false,unknown
SH-14324,2025-06-22,false,unknown
SH-15186,2025-06-22,false,unknown
SH-33112,2025-06-22,false,unknown
SH-48025,2025-06-22,false,unknown
SH-25728,2025-06-22,false,unknown
SH-91059,2025-06-22,false,unknown
SH-35838,2025-06-22,false,unknown
SH-10336,2025-06-22,false,unknown
SH-62987,2025-06-22,false,unknown
SH-31461,2025-06-22,false,unknown
SH-25897,2025-06-22,false,unknown
SH-16937,2025-06-22,false,unknown
SH-96033,2025-06-22,false,unknown
SH-88289,2025-06-22,false,unknown
SH-89987,2025-06-22,false,unknown
SH-42748,2025-06-22,false,unknown
SH-29735,2025-06-22,false,unknown
SH-28669,2025-06-22,false,unknown
SH-63418,2025-06-22,false,unknown
SH-97888,2025-06-22,false,unknown
SH-90889,2025-06-22,false,unknown
SH-51473,2025-06-22,false,unknown
SH-24194,2025-06-22,false,unknown
SH-15785,2025-06-22,false,unknown
SH-47180,2025-06-22,false,unknown
SH-17648,2025-06-22,false,unknown
SH-46564,2025-06-22,false,unknown
SH-90520,2025-06-22,false,unknown
SH-98447,2025-06-22,false,unknown
SH-80760,2025-06-22,false,unknown
SH-72525,2025-06-22,false,unknown
SH-90037,2025-06-22,false,unknown
SH-60678,2025-06-22,false,unknown
SH-10538,2025-06-22,false,unknown
SH-90172,2025-06-22,false,unknown
SH-39147,2025-06-22,false,unknown
SH-36064,2025-06-22,false,unknown
SH-77577,2025-06-22,false,unknown
SH-52162,2025-06-22,false,unknown
SH-83650,2025-06-22,false,unknown
SH-31719,2025-06-22,false,unknown
SH-12158,2025-06-22,false,unknown
SH-92093,2025-06-22,false,unknown
SH-36117,2025-06-22,false,unknown
SH-39581,2025-06-22,false,unknown
SH-43093,2025-06-22,false,unknown
SH-69850,2025-06-22,false,unknown
SH-14835,2025-06-22,false,unknown
SH-53858,2025-06-22,false,unknown
SH-21716,2025-06-22,false,unknown
SH-79723,2025-06-22,false,unknown
SH-35052,2025-06-22,false,unknown
SH-70373,2025-06-22,false,unknown
SH-38824,2025-06-22,false,unknown
SH-96397,2025-06-22,false,unknown
SH-30780,2025-06-22,false,unknown
SH-86627,2025-06-22,false,unknown
SH-15926,2025-06-22,false,unknown
SH-94796,2025-06-22,false,unknown
SH-84312,2025-06-22,false,unknown
SH-86248,2025-06-22,false,unknown
SH-43014,2025-06-22,false,unknown
SH-83582,2025-06-22,false,unknown
SH-28815,2025-06-22,false,unknown
SH-73510,2025-06-22,false,unknown
SH-64045,2025-06-22,false,unknown
SH-92080,2025-06-22,false,unknown
SH-23367,2025-06-22,false,unknown
SH-71214,2025-06-22,false,unknown
SH-14802,2025-06-22,false,unknown
SH-74831,2025-06-22,false,unknown
SH-33424,2025-06-22,false,unknown
SH-15793,2025-06-22,false,unknown
SH-97115,2025-06-22,false,unknown
SH-38290,2025-06-22,false,unknown
SH-48235,2025-06-22,false,unknown
SH-19024,2025-06-22,false,unknown
SH-22274,2025-06-22,false,unknown
SH-79093,2025-06-22,false,unknown
SH-19881,2025-06-22,false,unknown
SH-82738,2025-06-22,false,unknown
SH-68037,2025-06-22,false,unknown
SH-71440,2025-06-22,false,unknown
SH-43151,2025-06-22,false,unknown
SH-61118,2025-06-22,false,unknown
SH-86994,2025-06-22,false,unknown
SH-38673,2025-06-22,false,unknown
SH-67505,2025-06-22,false,unknown
SH-67489,2025-06-22,false,unknown
SH-28043,2025-06-22,false,unknown
SH-39681,2025-06-22,false,unknown
SH-43588,2025-06-22,false,unknown
SH-86789,2025-06-22,false,unknown
SH-91415,2025-06-22,false,unknown
SH-15966,2025-06-22,false,unknown
SH-73544,2025-06-22,false,unknown
SH-57907,2025-06-22,false,unknown
SH-64663,2025-06-22,false,unknown
SH-82510,2025-06-22,false,unknown
SH-41983,2025-06-22,false,unknown
SH-14380,2025-06-22,false,unknown
SH-37893,2025-06-22,false,unknown
SH-82870,2025-06-22,false,unknown
SH-29652,2025-06-22,false,unknown
SH-30872,2025-06-22,false,unknown
SH-46278,2025-06-22,false,unknown
SH-92120,2025-06-22,false,unknown
SH-75039,2025-06-22,false,unknown
SH-86496,2025-06-22,false,unknown
SH-73152,2025-06-22,false,unknown
SH-73136,2025-06-22,false,unknown
SH-86860,2025-06-22,false,unknown
SH-81954,2025-06-22,false,unknown
SH-85911,2025-06-22,false,unknown
SH-84842,2025-06-22,false,unknown
SH-77438,2025-06-22,false,unknown
SH-31481,2025-06-22,false,unknown
SH-70741,2025-06-22,false,unknown
SH-62003,2025-06-22,false,unknown
SH-32244,2025-06-22,false,unknown
SH-54726,2025-06-22,false,unknown
SH-53650,2025-06-22,false,unknown
SH-83080,2025-06-22,false,unknown
SH-11574,2025-06-22,false,unknown
SH-53786,2025-06-22,false,unknown
SH-49556,2025-06-22,false,unknown
SH-57247,2025-06-22,false,unknown
SH-38010,2025-06-22,false,unknown
SH-83891,2025-06-22,false,unknown
SH-31100,2025-06-22,false,unknown
SH-33361,2025-06-22,false,unknown
SH-15927,2025-06-22,false,unknown
SH-23443,2025-06-22,false,unknown
SH-47820,2025-06-22,false,unknown
SH-88574,2025-06-22,false,unknown
SH-69671,2025-06-22,false,unknown
SH-15725,2025-06-22,false,unknown
SH-59799,2025-06-22,false,unknown
SH-44378,2025-06-22,false,unknown
SH-77872,2025-06-22,false,unknown
SH-78983,2025-06-22,false,unknown
SK-73008,2025-06-22,false,unknown
SK-82257,2025-06-22,false,unknown
SK-91719,2025-06-22,false,unknown
SK-68697,2025-06-22,false,unknown
SK-17485,2025-06-22,false,unknown
SK-60160,2025-06-22,false,unknown
SK-50123,2025-06-22,false,unknown
SK-21888,2025-06-22,false,unknown
SK-92968,2025-06-22,false,unknown
SK-18892,2025-06-22,false,unknown
SK-25300,2025-06-22,false,unknown
SK-36728,2025-06-22,false,unknown
SK-13590,2025-06-22,false,unknown
SK-95043,2025-06-22,false,unknown
SK-78894,2025-06-22,false,unknown
SK-93005,2025-06-22,false,unknown
SK-25919,2025-06-22,false,unknown
SK-22946,2025-06-22,false,unknown
SK-39969,2025-06-22,false,unknown
SK-98467,2025-06-22,false,unknown
SK-27856,2025-06-22,false,unknown
SK-99891,2025-06-22,false,unknown
SK-63787,2025-06-22,false,unknown
SK-96593,2025-06-22,false,unknown
SK-41350,2025-06-22,false,unknown
SK-22564,2025-06-22,false,unknown
SK-32281,2025-06-22,false,unknown
SK-84854,2025-06-22,false,unknown
SK-50991,2025-06-22,false,unknown
SK-14178,2025-06-22,false,unknown
SK-18223,2025-06-22,false,unknown
SK-71346,2025-06-22,false,unknown
SK-49438,2025-06-22,false,unknown
SK-59689,2025-06-22,false,unknown
SK-46218,2025-06-22,false,unknown
SK-86838,2025-06-22,false,unknown
SK-67931,2025-06-22,false,unknown
SK-27133,2025-06-22,false,unknown
SK-80744,2025-06-22,false,unknown
SK-65667,2025-06-22,false,unknown
SK-63466,2025-06-22,false,unknown
SK-16331,2025-06-22,false,unknown
SK-98807,2025-06-22,false,unknown
SK-64842,2025-06-22,false,unknown
SK-69082,2025-06-22,false,unknown
SK-37232,2025-06-22,false,unknown
SK-63550,2025-06-22,false,unknown
SK-97804,2025-06-22,false,unknown
SK-35671,2025-06-22,false,unknown
SK-41093,2025-06-22,false,unknown
SK-20704,2025-06-22,false,unknown
SK-39325,2025-06-22,false,unknown
SK-61166,2025-06-22,false,unknown
SK-62748,2025-06-22,false,unknown
SK-67281,2025-06-22,false,unknown
SK-41351,2025-06-22,false,unknown
SK-83709,2025-06-22,false,unknown
SK-53135,2025-06-22,false,unknown
SK-14458,2025-06-22,false,unknown
SK-14797,2025-06-22,false,unknown
SK-30266,2025-06-22,false,unknown
SK-83795,2025-06-22,false,unknown
SK-76564,2025-06-22,false,unknown
SK-62433,2025-06-22,false,unknown
SK-15328,2025-06-22,false,unknown
SK-87352,2025-06-22,false,unknown
SK-11642,2025-06-22,false,unknown
SK-96632,2025-06-22,false,unknown
SK-15729,2025-06-22,false,unknown
SK-41676,2025-06-22,false,unknown
SK-49704,2025-06-22,false,unknown
SK-92929,2025-06-22,false,unknown
SK-90231,2025-06-22,false,unknown
SK-44586,2025-06-22,false,unknown
SK-82875,2025-06-22,false,unknown
SK-93047,2025-06-22,false,unknown
SK-95399,2025-06-22,false,unknown
SK-67581,2025-06-22,false,unknown
SK-47675,2025-06-22,false,unknown
SK-92446,2025-06-22,false,unknown
SK-46546,2025-06-22,false,unknown
SK-36378,2025-06-22,false,unknown
SK-26003,2025-06-22,false,unknown
SK-91769,2025-06-22,false,unknown
SK-62605,2025-06-22,false,unknown
SK-61677,2025-06-22,false,unknown
SK-94443,2025-06-22,false,unknown
SK-23651,2025-06-22,false,unknown
SK-65389,2025-06-22,false,unknown
SK-42609,2025-06-22,false,unknown
SK-38129,2025-06-22,false,unknown
SK-14071,2025-06-22,false,unknown
SK-26591,2025-06-22,false,unknown
SK-15395,2025-06-22,false,unknown
SK-34855,2025-06-22,false,unknown
SK-36831,2025-06-22,false,unknown
SK-45633,2025-06-22,false,unknown
SK-13470,2025-06-22,false,unknown
SK-27743,2025-06-22,false,unknown
SK-83212,2025-06-22,false,unknown
SK-74556,2025-06-22,false,unknown
SK-36329,2025-06-22,false,unknown
SK-24831,2025-06-22,false,unknown
SK-48580,2025-06-22,false,unknown
SK-24537,2025-06-22,false,unknown
SK-49663,2025-06-22,false,unknown
SK-32317,2025-06-22,false,unknown
SK-46558,2025-06-22,false,unknown
SK-15081,2025-06-22,false,unknown
SK-83312,2025-06-22,false,unknown
SK-10865,2025-06-22,false,unknown
SK-45994,2025-06-22,false,unknown
SK-99630,2025-06-22,false,unknown
SK-73943,2025-06-22,false,unknown
SK-29492,2025-06-22,false,unknown
SK-94835,2025-06-22,false,unknown
SK-19197,2025-06-22,false,unknown
SK-61812,2025-06-22,false,unknown
SK-72918,2025-06-22,false,unknown
SK-44779,2025-06-22,false,unknown
SK-24233,2025-06-22,false,unknown
SK-39934,2025-06-22,false,unknown
SK-87031,2025-06-22,false,unknown
SK-30315,2025-06-22,false,unknown
SK-19349,2025-06-22,false,unknown
SK-84235,2025-06-22,false,unknown
SK-87010,2025-06-22,false,unknown
SK-91863,2025-06-22,false,unknown
SK-29881,2025-06-22,false,unknown
SK-53665,2025-06-22,false,unknown
SK-44319,2025-06-22,false,unknown
SK-39955,2025-06-22,false,unknown
SK-79638,2025-06-22,false,unknown
SK-11690,2025-06-22,false,unknown
SK-57181,2025-06-22,false,unknown
SK-30756,2025-06-22,false,unknown
SK-47082,2025-06-22,false,unknown
SK-66355,2025-06-22,false,unknown
SK-10669,2025-06-22,false,unknown
SK-13928,2025-06-22,false,unknown
SK-55713,2025-06-22,false,unknown
SK-30851,2025-06-22,false,unknown
SK-58043,2025-06-22,false,unknown
SK-33347,2025-06-22,false,unknown
SK-27917,2025-06-22,false,unknown
SK-95468,2025-06-22,false,unknown
SK-77486,2025-06-22,false,unknown
SK-50030,2025-06-22,false,unknown
SK-90869,2025-06-22,false,unknown
SK-23342,2025-06-22,false,unknown
SK-85428,2025-06-22,false,unknown
SK-56628,2025-06-22,false,unknown
SK-85938,2025-06-22,false,unknown
SK-71372,2025-06-22,false,unknown
SK-32753,2025-06-22,false,unknown
SK-59810,2025-06-22,false,unknown
SK-61455,2025-06-22,false,unknown
SK-54119,2025-06-22,false,unknown
SK-78046,2025-06-22,false,unknown
SK-84934,2025-06-22,false,unknown
SK-27494,2025-06-22,false,unknown
SK-24934,2025-06-22,false,unknown
SK-83517,2025-06-22,false,unknown
SK-79195,2025-06-22,false,unknown
SK-44537,2025-06-22,false,unknown
SK-10342,2025-06-22,false,unknown
SK-26878,2025-06-22,false,unknown
SK-75357,2025-06-22,false,unknown
SK-31832,2025-06-22,false,unknown
SK-45532,2025-06-22,false,unknown
SK-99356,2025-06-22,false,unknown
SK-69201,2025-06-22,false,unknown
SK-50767,2025-06-22,false,unknown
SK-31100,2025-06-22,false,unknown
SK-81036,2025-06-22,false,unknown
SK-94798,2025-06-22,false,unknown
SK-99912,2025-06-22,false,unknown
SK-33548,2025-06-22,false,unknown
SK-60756,2025-06-22,false,unknown
SK-42656,2025-06-22,false,unknown
SK-28978,2025-06-22,false,unknown
SK-32123,2025-06-22,false,unknown
SK-37082,2025-06-22,false,unknown
SK-52694,2025-06-22,false,unknown
SK-20017,2025-06-22,false,unknown
SK-55684,2025-06-22,false,unknown
SK-14212,2025-06-22,false,unknown
SK-67744,2025-06-22,false,unknown
SK-43388,2025-06-22,false,unknown
SK-75964,2025-06-22,false,unknown
SK-75110,2025-06-22,false,unknown
SK-14960,2025-06-22,false,unknown
SK-35494,2025-06-22,false,unknown
SK-94964,2025-06-22,false,unknown
SK-39439,2025-06-22,false,unknown
SK-89271,2025-06-22,false,unknown
SK-64798,2025-06-22,false,unknown
SK-88843,2025-06-22,false,unknown
SK-85903,2025-06-22,false,unknown
SK-45792,2025-06-22,false,unknown
SK-54212,2025-06-22,false,unknown
SK-54322,2025-06-22,false,unknown
SK-48345,2025-06-22,false,unknown
SK-69492,2025-06-22,false,unknown
SK-30087,2025-06-22,false,unknown
SK-12908,2025-06-22,false,unknown
SK-38755,2025-06-22,false,unknown
SK-68585,2025-06-22,false,unknown
SK-87205,2025-06-22,false,unknown
SK-75132,2025-06-22,false,unknown
SK-21202,2025-06-22,false,unknown
SK-28923,2025-06-22,false,unknown
SK-35933,2025-06-22,false,unknown
SK-34191,2025-06-22,false,unknown
SK-63512,2025-06-22,false,unknown
SK-85582,2025-06-22,false,unknown
SK-78807,2025-06-22,false,unknown
SK-50104,2025-06-22,false,unknown
SK-96497,2025-06-22,false,unknown
SK-66093,2025-06-22,false,unknown
SK-63647,2025-06-22,false,unknown
SK-62502,2025-06-22,false,unknown
SK-98566,2025-06-22,false,unknown
SK-97159,2025-06-22,false,unknown
SK-97657,2025-06-22,false,unknown
SK-82371,2025-06-22,false,unknown
SK-56635,2025-06-22,false,unknown
SK-73559,2025-06-22,false,unknown
SK-78205,2025-06-22,false,unknown
SK-77772,2025-06-22,false,unknown
SK-90719,2025-06-22,false,unknown
SK-59279,2025-06-22,false,unknown
SK-95032,2025-06-22,false,unknown
SK-19235,2025-06-22,false,unknown
SK-99693,2025-06-22,false,unknown
SK-16255,2025-06-22,false,unknown
SK-72534,2025-06-22,false,unknown
SK-67010,2025-06-22,false,unknown
SK-57074,2025-06-22,false,unknown
SK-46362,2025-06-22,false,unknown
SK-59446,2025-06-22,false,unknown
SK-67873,2025-06-22,false,unknown
SK-70718,2025-06-22,false,unknown
SK-88953,2025-06-22,false,unknown
SK-33818,2025-06-22,false,unknown
SK-34347,2025-06-22,false,unknown
SK-31848,2025-06-22,false,unknown
SK-85277,2025-06-22,false,unknown
SK-81868,2025-06-22,false,unknown
SK-98903,2025-06-22,false,unknown
SK-47947,2025-06-22,false,unknown
SK-22963,2025-06-22,false,unknown
SK-66592,2025-06-22,false,unknown
SK-24824,2025-06-22,false,unknown
SK-67791,2025-06-22,false,unknown
SK-36052,2025-06-22,false,unknown
SK-35139,2025-06-22,false,unknown
SK-55107,2025-06-22,false,unknown
SK-95314,2025-06-22,false,unknown
SK-81045,2025-06-22,false,unknown
SK-94859,2025-06-22,false,unknown
SK-47031,2025-06-22,false,unknown
SK-72442,2025-06-22,false,unknown
SK-46173,2025-06-22,false,unknown
SK-45598,2025-06-22,false,unknown
SK-80926,2025-06-22,false,unknown
SK-32819,2025-06-22,false,unknown
SK-29105,2025-06-22,false,unknown
SK-17968,2025-06-22,false,unknown
SK-40512,2025-06-22,false,unknown
SK-78803,2025-06-22,false,unknown
SK-81461,2025-06-22,false,unknown
SK-62811,2025-06-22,false,unknown
SK-82177,2025-06-22,false,unknown
SK-46802,2025-06-22,false,unknown
SK-14566,2025-06-22,false,unknown
SK-28682,2025-06-22,false,unknown
SK-71080,2025-06-22,false,unknown
SK-43403,2025-06-22,false,unknown
SK-59950,2025-06-22,false,unknown
SK-94660,2025-06-22,false,unknown
SK-89735,2025-06-22,false,unknown
SK-35351,2025-06-22,false,unknown
SK-64960,2025-06-22,false,unknown
SK-30740,2025-06-22,false,unknown
SK-68531,2025-06-22,false,unknown
SK-70069,2025-06-22,false,unknown
SK-69051,2025-06-22,false,unknown
SK-29078,2025-06-22,false,unknown
SK-55779,2025-06-22,false,unknown
SK-62452,2025-06-22,false,unknown
SK-61183,2025-06-22,false,unknown
SK-71364,2025-06-22,false,unknown
SK-99608,2025-06-22,false,unknown
SK-63280,2025-06-22,false,unknown
SK-86257,2025-06-22,false,unknown
SK-26830,2025-06-22,false,unknown
SK-79822,2025-06-22,false,unknown
SK-18640,2025-06-22,false,unknown
SK-93752,2025-06-22,false,unknown
SK-92511,2025-06-22,false,unknown
SK-52812,2025-06-22,false,unknown
SK-42467,2025-06-22,false,unknown
SK-78101,2025-06-22,false,unknown
SK-37538,2025-06-22,false,unknown
SK-60736,2025-06-22,false,unknown
SK-96221,2025-06-22,false,unknown
SK-80940,2025-06-22,false,unknown
SK-88977,2025-06-22,false,unknown
SK-21734,2025-06-22,false,unknown
SK-10942,2025-06-22,false,unknown
SK-13764,2025-06-22,false,unknown
SK-36512,2025-06-22,false,unknown
SK-73975,2025-06-22,false,unknown
SK-58576,2025-06-22,false,unknown
SK-57437,2025-06-22,false,unknown
SK-16832,2025-06-22,false,unknown
SK-35793,2025-06-22,false,unknown
SK-39474,2025-06-22,false,unknown
SK-65570,2025-06-22,false,unknown
